espece,variete,nom français,zone,pepiniere,taille,bouture,hauteur,nbre,goût
abeliophyllum distichum,roseum,forsythia rose de coree,5,jardin du monde,avril mai,avril mai,2 m,null,null
abutilon megaponticum,null,lampion chinois,8,quissac,printemps,7;8,2 m,2,null
acca  sellowiana,coolidge,feijoa,8,planfor; ,janvier à mars,7;8 - marcot,null,3,null
acca sellowiana,mamoth,feijoa,8,ribanjou,janvier à mars,7;8 - marcot,6 m,null,null
acca sellowiana,apollo,feijoa,8,sebtan,janvier à mars,7;8 - marcot,null,null,null
acer campestre,null,erable champetre,4,journée arbre,octobre novembre,null,15 m,null,null
acer griseum,null,erable cannelle,4,"de bock,fontin, alsagarden",octobre novembre,null,10 m,null,null
acer pseudoplatanus,null,erable sycomore,5,spontane,octobre novembre,null,15 m,null,null
actinidia arguta,mâle,kiwai,4,ecoflora,décembre-janvier,7;8 ou 10;11,15 m,null,null
actinidia arguta,kokuma,kiwai,4,proeftuin,décembre-janvier,7;8 ou 10;11,15 m,null,null
actinidia arguta,weima,kiwai,4,proeftuin,décembre-janvier,7;8 ou 10;11,15 m,null,null
actinidia arguta,weiki jaune,kiwai,4,proeftuin,décembre-janvier,7;8 ou 10;11,15 m,2,null
actinidia arguta,missionaire,kiwai,4,du bosc,décembre-janvier,7;8 ou 10;11,15 m,null,null
actinidia arguta,ken's red,kiwai,4,proeftuin,décembre-janvier,7;8 ou 10;11,15 m,null,null
actinidia arguta ,purpurea sadowa,kiwai,4,du bosc,décembre-janvier,7;8 ou 10;11,15 m,null,null
actinidia deliciosa,hayward,kiwi,7,mmd,décembre-janvier,7;8 ou 10;11,9 m,2,null
actinidia kolomikta,sentyabraskaya,kiwi de siberie,4,du bosc,novembre décembre,7;8 ou 10;11,10 m,2,null
actinidia kolomikta,dr szymanowski,kiwi de siberie,4,proeftuin,novembre décembre,7;8 ou 10;11,10 m,null,null
ailanthus altissima,null,faux vernis du japon,5,pép nizet la main verte,février mars,null,25 m,2,null
akebia longeracemosa,x pentaphylla,akebie a grappe hybride,5,pép des avettes,juin + automne,7;8 - marcot,5 m,null,null
akebia longeracemosa,x trifoliata,akebie a grappe,5,aoba,juin + automne,7;8 - marcot,5 m,2,null
akebia quinata,silver bells,vigne chocolat argentee,5,proeftuin,juin + automne,7;8 - marcot,12 m,2,null
akebia quinata ,alba,vigne chocolat blanche,5,proeftuin,juin + automne,7;8 - marcot,12 m,2,null
akebia trifoliata,null,vigne chocolat ,5,proeftuin,juin + automne,7;8 - marcot,9 m,1,null
akebia x pentaphylea,null,akebie hybride,5,semis,juin + automne,7;8 - marcot,9 m,3,null
alangium chinense,null,null,7,aoba,automne,null,5 m,null,null
albizia julibrissin,null,arbre a soie,7,jardin du monde,mars,7;8,12 m,null,null
albizia kalkora,null,mimosa kalkora,8,andrew's garden,null,null,8 m,null,null
alnus glutinosa,null,aulne,3,spontane,null,10,25 m,null,null
alnus incana,null,aulne blanc,2,nancy,null,semis,18m,null,null
amelanchier alnifolia,blue moon,amelanchier a feuille d'aulne,2,caryanursery,juin,marcot 4;5,4 m,null,null
amelanchier alnifolia,smoky,amelanchier a feuille d'aulne,2,caryanursery,juin,marcot 4;5,4 m,null,null
amelanchier alnifolia,mandam,amelanchier a feuille d'aulne,2,happy berry,juin,marcot 4;5,3 m,null,null
amelanchier alnifolia,martin,amelanchier a feuille d'aulne,2,happy berry,juin,marcot 4;5,4 m,3,null
amelanchier alnifolia,obelisk,amelanchier a feuille d'aulne,2,fontin,juin,marcot 4;5,4 m,null,null
amelanchier alnifolia,prince william,amelanchier a feuille d'aulne,2,alain,juin,marcot 4;5,4 m,null,null
amelanchier alnifolia,thiessen,amelanchier a feuille d'aulne,2,happy berry,juin,marcot 4;5,4 m,2,null
amelanchier amabilis,null,amelanchier gracieux,4,ribanjou,juin,null,5 m,null,null
amelanchier canadensis,null,amelanchier du canada,4,lemaire,juin,marcot 4;5,6 m,3,null
amelanchier laevis,ballerina,null,4,fontin,juin,marcot 4;5,9 m,null,null
amelanchier lamarckii,null,amelanchier de lamrck,4,d devos,juin,marcot 4;5,6 m,null,null
amelanchier ovalis,null,amelanchier oval,5,ecoflora,juin,marcot 4;5,5 m,2,null
amelanchier sanguinea,null,amelanchier a feuille ronde,4,ribanjou,juin,marcot 4;5,3 m,null,null
amelanchier spicata,null,null,4,proeftuin,juin,marcot 4;5,2 m,null,null
amelasorbus ,jackii,null,3,zoetewei kwekerij,null,marcot 4;5,2 m,null,null
amomyrtus luma apiculata,null,arrayan,9,ribanjou,mars avril,7;8,7 m,null,null
amorpha fructicosa,null,faux indigo du desert,2,vreeken,mars,null,4 m,3,null
ampelopsis brevipeduncalata,null,vigne de porcelaine,4,jardin botanique liège,null,7;8 - marcot,20 m,2,null
ampelopsis brevipeduncalata,elegans,vigne de porcelaine,4,"anemona, damien devos",null,7;8 - marcot,20 m,null,null
annona cherimola,null,chirimoya,10,semis,hiver,null,7 m,null,null
annona muricata,null,corossolier,11,semis haïti,null,null,10 m,null,null
aralia elata,null,angelique du japon,4,p louveignee,null,drageon,6 m,3,null
araucaria araucana,null,desespoir des singes,8,louveignée,null,5;7,30 m,null,null
arbutus unedo,marina,arbousier a fleur rose,8,quissac,printemps,3,9 m,null,null
arbutus unedo,null,arbousier,7,ribanjou,printemps,3,9 m,null,null
arbutus x andrachnoides,null,arbousier hybride,8,quissac,printemps,3,10 m,null,null
arctostaphylos uva-ursi,null,busserole,4,ecoflora,null,8;12,"0,1 m",null,null
aristotelia chilensis,null,macqui,8,alain,null,null,"4,5 m",null,null
aronia arbutifolia,brilliant,aronie rouge,4,pép de louveigne,février à avril,7;8,3 m,null,null
aronia melanocarpa,null,aronie noire,4,ecoflora,février à avril,7;8,"2,5 m",null,null
aronia melanocarpa,aron,null,4,proeftuin,février à avril,7;8,"2,5 m",null,null
aronia melanocarpa,nero,null,4,proeftuin,février à avril,7;8,"2,5 m",null,null
asiminia triloba,convis,paw paw,5,nancy,null, ,"4,5 m",null,null
asiminia triloba,nc1,paw paw,5,proeftuin,null,null,"4,5 m",null,null
asiminia triloba,overlesse,paw paw,5,moerbeiboom,null,null,"4,5 m",null,null
asiminia triloba,shenandoah,paw paw,5,proeftuin,null,null,"4,5 m",null,null
asiminia triloba,(semis),paw-paw,5,ecoflora,null,null,"4,5 m",5,null
asiminia triloba,sunflower,paw paw,5,d devos,null,null,"4,5 m",null,null
asiminia triloba,davis,paw paw,5,moerbeiboom,null,null,"4,5 m",null,null
asiminia triloba,summer delight,paw paw,5,pép du bosc,null,null,"4,5 m",null,null
asiminia triloba,belle,paw paw,5,pépinière du bosc,null,null,null,null,null
atriplex halimus,null,pourpier de mer,8,andrew's garden,null,7;8  11;12,2 m,1,null
berberis aggregata,null,epine vinette à grappe,6,pép des avettes,juillet,7;8,"1,5 m",null,null
berberis darwinii,nana,epine vinette de darwin naine,7,de bock,juillet,7;8,1 m,null,null
berberis darwinii,null,epine vinette de darwin,7,waasland,juillet,7;8,"3,5 m",2,null
berberis vulgaris,null,epine vinette,3,jardin botan sart tilman,juillet,7;8,3 m,null,null
betula pendula,null,bouleau,2,null,automne,null,20 m,null,null
betula utilis jacquemotii,null,bouleau blanc de l'himalaya,5,jardin du monde,null,null,15 m,null,null
broussonetia kazinoki,null,kozo,7,moerbeiboom,hiver,7;8,"4,5 m",null,null
broussonetia papyrifera,null,murier a papier,8,jardins du monde,hiver,7;8,9 m,null,null
broussonetia papyrifera,laciniata,murier a papier lacinie,8,fontin,hiver,null,null,null,null
buddleia davidii,null,arbre a papillon,5,spontane,null,null,null,null,null
callicarpa bodinieri,null,arbre aux bonbons,5,atmosvert,null,null,"1,8 m",null,null
calycanthus florida,null,bois canelle,5,waasland,null,marcot 4;5,"2,7 m",null,null
camelia sinensis,null,theier,null,pép du bosc,null,null,null,null,null
caragana arborescens,null,caraganier de siberie,2,p louveignee,hiver,7;8 - marcot,6 m,2,null
carica papaya ,null,papayer,null,"vreeken, andrew's garden",null,null,null,null,null
carica x pentagonia,null,babaco,10,andrew's garden,null,null,3 m,null,null
carpinus betulus,null,charme,5,spontane,null,null,25 m,null,null
carya illinoiensis,null,pecanier,5,fontin,mars,null,50 m,null,null
carya illinoiensis,pawnee,pecanier,5,pép du bosc,mars,null,50 m,null,null
carya illinoiensis,mohawk,pecanier,5,pép du bosc,mars,null,50 m,null,null
carya illinoiensis x carya ovata,burton,hickory,5,pép du bosc,mars,null,50 m,null,null
carya laciniosa,henry,carye lacinie,6,caryanursery,null,null,30 m,null,null
carya ovata,yoder,null,4,caryanursery,null,null,30 m,null,null
castanea sativa,null,chataigner,5,mmd,hiver,null,30 m,null,null
castanea sativa,de lyon,chataigner,5,pép nizet,hiver,null,30 m,null,null
catalpa bignonioides,null,catalpa,5,la main verte,null,5.6,15 m,null,null
cedrela sinensis,null,toona,5,ecoflora,fin d'hiver,null,20 m,2,null
cedrela sinensis,flamingo,toona rouge,5,d devos,fin d'hiver,null,15 m,null,null
cedrus atlantica,null,cedre de l'atlas,6,planfor,hiver,11,25 m,null,null
celtis australis,null,micocoulier,6,planfor,mars-avril,null,20 m,3,null
celtis occidentalis,null,micocoulier de virginie,2,pépinière du bois,mars-avril,null,20 m,2,null
cephalotaxus harringtonia,koreana,null,7,fontin,null,8;9,"1,5 m",null,null
cercis canadensis,null,gainier du canada,4,jardin du monde,null,7;8,12 m,null,null
cercis siliquastrum,null,arbre de judee,6,mmd,mai-juin ou hiver,7;8,12 m,null,null
chaenomeles cathayensis,null,cognassier de chine,5,damien devos,null,7;8 - marcot 5,3 m,3,null
chaenomeles japonica,cido,cognassier du japon,5,proeftuin,null,7;8 - marcot 5,1 m,2,null
chaenomeles x superba,nana,cognassier du japon,6,caryanursery,null,null,"1,5 m",1,null
chimonanthus praecox,null,chimonanthe,7,jardin du monde,après floraison,marcot 4;5,3 m,null,null
chionanthus virginicus,null,arbre a neige,4,louveignée,fin d'hiver,"marcot 5,6",null,null,null
choisya ternata,null,oranger du mexique,7,louveignée,null,7;8,3 m,null,null
citrus aurantium,null,bergamottier,8,jardin du monde,automne,null,9 m,null,null
citrus australasica ,faustrim,faustrim,null,sebtan,automne,null,null,null,null
citrus hystrix,null,combava,(-)5°,"pép du bosc andrew's garden, alsagarden",automne,null,"2,5 m",null,null
citrus ichangensis,null,ichang peda,8,pépinière du bosc,automne,7;8,"4,5 m",null,null
citrus latifolia,null,limettier de tahiti,null,jardin du monde,automne,null,null,null,null
citrus reticula ,keraji,mandarinier,(-)12°,jardin du monde,automne,null,2 m,null,null
citrus x juno,null,yuzu,8,sebtan,après récolte,null,2 m,null,null
clerodendron trichotomum,fargesii,arbre du clerge,4,fontin,mars,null,5 m,3,null
colutea arborescens,null,baguenaudier,5,andrew's garden,février à avril,7;8,"3,6 m",null,null
coriaria japonica,null,null,6,aoba,null,null,1 m,null,x
cornus alba,baton rouge,cornouiller de siberie,4,jardin d'a côté,null,7;8-marcot6-7,"1,75 m",null,null
cornus hongkongensis,null,cornouiller de hongkong,8,sebtan,null,7;8-marcot6-7,15 m,null,null
cornus kousa,big apple,cornouiller du japon,5,le try,juin,7;8-marcot6-7,5 m,null,null
cornus kousa,christine,cornouiller du japon,5,sebtan,juin,7;8-marcot6-7,10 m,null,null
cornus kousa ,milky way,cornouiller du japon,5,fontin,juin,7;8-marcot6-7,4 m,null,null
cornus kousa ,teutonia,cornouiller du japon,5,fontin,juin,7;8-marcot6-7,4 m,null,null
cornus kousa sinensis,null,cornouiller de chine,5,p louveignee,juin,10 -marcot 6,10 m,4,null
cornus mas,null,cornouiller,5,ecoflora,fin d'hiver,7;8-marcot6-7,5 m,3,null
cornus mas,koralovy marka ,cornouiller,5,caryanursery,fin d'hiver,7;8-marcot6-7,5 m,null,null
cornus mas, jolico,cornouiller,5,proeftuin,fin d'hiver,7;8-marcot6-7,6 m,null,null
cornus mas,elegantnyj,cornouiller,5,caryanursery,fin d'hiver,7;8-marcot6-7,2 m,2,null
cornus mas,p5,cornouiller,5,caryanursery,fin d'hiver,7;8-marcot6-7,3 m,null,null
cornus mas,szafer,cornouiller,5,caryanursery,fin d'hiver,7;8-marcot6-7,null,2,null
cornus mas,vydubieckii,cornouiller,5,caryanursery,fin d'hiver,7;8-marcot6-7,3 m,null,null
cornus mas ,jantarnyij,cornouiller,5,caryanursery,fin d'hiver,7;8-marcot6-7,5 m,null,null
cornus mas ,flava,cornouiller,4,caryanursery,fin d'hiver,null,"2,4 m",null,null
cornus officinalis,null,cornouiller officinal,6,proeftuin,null,7;8-marcot6-7,10 m,null,null
corylopsis spicata,null,faux noisetier,null,marc desset,null,null,2 m,null,null
corylus avellana,null,noisetier ,5,spontane,null,null,6 m,null,null
corylus avellana,longue d'espagne,noisetier,5,alain,hiver,null,4 m,null,null
corylus avellana,a web's prize cob,noisetier,5,p louveignee,hiver,null,9 m,null,null
corylus colurna,null,noisetier de byzance,5,alain,hiver,null,20 m,null,null
crataegus aestivalis,null,aubepine d'été,4,moerbeiboom,fin d'hiver,null,9 m,null,null
crataegus azarolus,yellow globe,azerolier a fruit jaune,4,moerbeiboom,fin d'hiver,null,9 m,null,null
crataegus azarolus,a fruit jaune,azerolier,4,pép du bosc,fin d'hiver,null,10 m,2,null
crataegus crus galli,null,azerolier,6,gardenia,fin d'hiver,null,10 m,null,null
crataegus ellwageriana,null,null,5,moerbeiboom,fin d'hiver,null,6 m,3,null
crataegus laciniata,pojarkovae,aubepine orientale,6,moerbeiboom,fin d'hiver,null,6 m,null,null
crataegus laevigata,null,aubepine,5,spontane,fin d'hiver,null,6 m,null,null
crataegus mexicana,null,manzanilla,7,moerbeiboom,fin d'hiver,null,9 m,2,null
crataegus pedicellata,null,aubepine pediculee,5,moerbeiboom,fin d'hiver,null,7 m,null,null
crataegus persimilis prunifolia,null,aub a f. de prunier,5,proeftuin,fin d'hiver,null,6 m,null,null
crataegus pinnatifida major,null,aubepine chinoise,6,moerbeiboom,fin d'hiver,null,7 m,null,null
crataegus pontica,null,aubepine pontique,4,moerbeiboom,fin d'hiver,null,3 m,null,null
crataegus schraderiana,null,null,5,moerbeiboom,fin d'hiver,null,6 m,2,null
crataegus songarica,null,null,null,moerbeiboom,fin d'hiver,null,"4,5 m",null,null
crataegus tanacetifolia,null,aubepine a feuilles de tanaisie,6,moerbeiboom,fin d'hiver,null,10 m,null,null
crataegus x rufula,null,null,null,zoetewei kwekerij,fin d'hiver,null,5 m,null,null
crataemespilus (x),grandiflora,null,null,hortensis,null,null,3 m,null,null
cudrania tricuspida,femelle,null,7,moerbeiboom,après récolte,7;8,6 m,2,null
cudrania tricuspida,mâle,che,7,moerbeiboom,après récolte,7;8,6 m,2,null
cudrania tricuspida,darrow femelle,che,7,limbach,après récolte,7;8,6 m,null,null
cydonia oblonga,null,cognassier,4,ecoflora,hiver,11  marcot 4,7 m,null,null
cydonia oblonga ,aromatnaya,cognassier russe,4,pépinière du bosc,hiver,null,6 m,null,null
cyphomandra abutiloides,null,tamarillo jaune,9,tradefruit,null,5;6,3 m,4,null
cyphomandra betacea,null,tamarillo,9,null,null,5;6,5 m,4,null
cyphomandra corymbiflora,null,null,9,andrew's garden,null,null,"2,5 m",null,null
cytisus scoparius,null,genet a balais,5,null,automne,8,"2,4 m",null,null
davidia involucra,null,arbre aux mouchoirs,6,planfor,hiver,null,20 m,null,null
debregeasia edulis,elite,null,null,zoetewei kwekerij,null,null,null,null,null
decaisnea fargessii,null,saussice bleue,5,moerbeiboom; fontin,novembre,null,4 m,null,null
diospyros austro africana,null,baton de feu,8,zoetewei kwekerij,null,null,2 m,null,null
diospyros kaki,kuro gaki,kaki noir,8,moerbeiboom,hiver,7;8,12 m,null,null
diospyros kaki,matsumaoto wase fuyu,plaqueminier,8,moerbeiboom,hiver,null,null,null,null
diospyros kaki,tone wase,plaqueminier,8,pép du bosc,hiver,7;8,null,null,null
diospyros kaki,jiro,plaqueminier kaki pomme,8,pép du bosc,hiver,7;8,null,null,null
diospyros virginiana,kassandra,plaqueminier de virginie,4,null,hiver,null,null,null,null
diospyros virginiana,meader ,plaqueminier de virginie,4,pép du bosc,hiver,7;8,null,null,null
diospyros virginiana,nikita's gift,plaqueminier de virginie,4,pép du bosc,hiver,7;8,null,null,null
diospyros virginiana,supersweet nc21,plaqueminier de virginie,4,moerbeiboom,hiver,7;8,20 m,null,null
ehretia acuminata,null,koda,7,arven,null,7;8,9 m,null,null
ehretia dicksonii,null,cabrillet,7,damien devos,null,7;8,10 m,2,null
elaeagnus angustifolia,null,olivier de boheme,2,p louveigne,mars à juin,7;8,7 m,2,null
elaeagnus commutata,zempin,chalef argente,2,"p paquet, waasland",fin d'hiver,7;8 marcot10,3 m,2,null
elaeagnus commutata,null,chalef argente,2,"p paquet, waasland",fin d'hiver,7;8 marcot10,3 m,null,null
elaeagnus marcrophylla,null,chalef a grande feuille,7,sebtan,fin d'hiver,7;8,3 m,6,null
elaeagnus multiflora,null,goumi,6,p brochet; ribanjou,fin d'hiver,7;8,3 m,4,null
elaeagnus multiflora ovata,sweet scarlet,goumi,6,hortensis,fin d'hiver,7;8,3 m,null,null
elaeagnus orientalis,null,trebizond,4,hortensis,fin d'hiver,7;8,12 m,null,null
elaeagnus pungens,null,null,7,"p paquet, waasland",fin d'hiver,6,4 m,null,null
elaeagnus umbelata,big red,chalef d'automne,3,hortensis,fin d'hiver,7.8,"4,5 m",null,null
elaeagnus umbelata,sweet'n'tart,chalef d'automne,3,sebtan,fin d'hiver,7.8,"4,5 m",null,null
elaeagnus umbelata,fortunella,chalef d'automne jaune,3,quissac,fin d'hiver,7;8,4 m,2,null
elaeagnus umbelata,red milan,chalef d'automne,3,caryanursery,fin d'hiver,7;8,"4,5 m",null,null
elaeagnus umbelata,sweet milan,chalef d'automne,3,caryanursery,fin d'hiver,7;8,"4,5 m",null,null
elaeagnus umbelata,null,chalef d'automne,3,pépinière paquet,fin d'hiver,7;8,"4,5 m",4,null
elaeagnus x ebbengii,compacta,chalef d'ebbenge,6,p louveignee,fin d'hiver,6,5 m,2,null
elaeagnus x ebbengii,null,chalef d'ebbenge,6,p louveignee,fin d'hiver,6,5 m,4,null
epicatus mushushu,null,baby pithaya,null,hortensis,null,null,null,null,null
eriobotrya japonica,null,bibacier,7,damien devos,après fructification,7;8 ,9 m,2,null
eucalyptus gunii,null,null,7,val douve,null,null,30 m,null,null
eucalyptus parviflora,null,eucalyptus a petites feuilles,null,jardin du monde,null,null,10 m,null,null
euodia daniellii,null,arbre a miel,6,jardin du monde,fin d'hiver,8,10 m,2,null
euonymus europaeus,null,null,3,bredene,null,7;8-marcot7-8,6 m,2,null
exochorda racemosa,niagara,null,7,louveignée,null,null,3 m,null,null
fagus sylvatica,null,hetre,5,pép de louveigne,null,null,30 m,3,null
fagus sylvatica,purpurea,hetre pourpre,5,ecoflora,null,null,30 m,null,null
ficus carica,null,figuier unifere,null,genevieve,mars,11;12 marcot,6 m,null,null
ficus carica,null,figuier,7,mmd,mars,11;12 marcot,6 m,2,null
ficus carica,becanne,figuier unifere,7,moerbeiboom,mars,11;12 marcot,6 m,null,null
ficus carica,pastiliere,figuier unifere,7,moerbeiboom,mars,11;12 marcot,6 m,null,null
ficus carica,hardy yellow,figuier,7,quissac,mars,11;12 marcot,6 m,null,null
ficus carica,brown turkey,figuier,7,proeftuin,mars,11;12 marcot,6 m,2,null
ficus carica,longue d'aout,figuier,7,limbach,mars,11;12 marcot,6 m,null,null
forsythia x intermedia,null,forsythia,5,jupille,avril mai,4;5,"2,5 m",3,null
fortunella margarita,thomasville,citrangequat thomasville,7,pépinière du bosc,après récolte,null,3 m,null,null
fortunella margarita,null,kumquat,8,amazonia,après récolte,null,3 m,null,null
fraxinus excelsior,null,frene,4,spontane,hiver,null,30 m,null,null
fraxinus ornus,null,frene a fleur,6,pépinière de louveigne,hiver,null,9 m,2,null
gingko biloba,null,arbre aux 40 ecus,4,null,fin d'hiver,4;5 ou 7;8,30 m,2,null
gledistsia triacanthos,null,fevier d'amerique,3,p louveigne,hiver,null,20 m,2,null
glycyrrhiza glabra,null,reglisse,8,pépinière du bosc,null,division,"1,2 m",null,null
glycyrrhiza uralensis,null,reglisse de chine,6,quissac,null,division,"0,6 m",null,null
gymnocladus dioica,null,chicot du canada,4,pépinière du bois,fin d'été,null,15 m,null,null
halesia carolina,null,arbre aux cloches d'argent,5,p fontin,février mars,5;6,8 m,null,null
hamamelis virginiana,null,hamamelis,5,mmd,mars avril,marcott,5 m,null,null
heptacodium miconioides,null,arbre aux sept fleurs,5,null,fin d'hiver,3 à 9,7 m,null,null
hibiscus sabdariffa,null,karkade,10,vreeken,null,7;8  semis ,3 m,null,null
hibiscus syriacus,null,ketmie,5,p louveigne,fin d'hiver,7;8 marcot,3 m,null,null
hibiscus syriacus,hamabo,ketmie,5,p louveigne,fin d'hiver,7;8 marcot,3 m,null,null
hippophae rhamnoides,null,argousier,3,lemaire,fin d'hiver,11; 2,6 m,10,null
hippophae rhamnoides,friesdorfer,argousier,3,null,fin d'hiver,11; 2,6 m,null,null
hippophae rhamnoides,sirola,argousier,3,ribanjou,fin d'hiver,11; 2,6 m,null,null
hippophae rhamnoides,leikora,argousier,3,proeftuin,fin d'hiver,11; 2,6 m,null,null
hippophae rhamnoides,hergo,argousier,3,ribanjou,fin d'hiver,11; 2,6 m,null,null
hippophae rhamnoides,orange revolution,argousier,3,caryanursery,fin d'hiver,11;2,6 m,null,null
hippophae rhamnoides,orange energy,argousier,3,proeftuin,fin d'hiver,11; 2,6 m,null,null
holboellia latifolia,null,goufla,9,zoetewei kwekerij,après la floraison,9;11,6 m,null,null
hovenia dulcis,null,raisinier,6,moerbeiboom,fin d'hiver,7;8,10 m,2,null
hylocereus undatus,null,pitahaya,10,jardin du monde,février avril,7;8,3 m,null,null
hylocerus undatus,vietnamese white,pitahaya,10,hortensis,null,9;10  marcot,4 m,null,null
hypericum hidcote,null,millepertuis arbustif,3,atmosvert,fin d'hiver,null,"1,5 m",null,null
ilex aquifolium,null,houx,6,spontane,fin d'hiver,8    marc10,2 m,null,null
indigofera heterantha,null,indigotier,7,andrew's garden,fin d'hiver,null,2 m,3,null
jasminum officinale,null,jasmin officinal,7,sebtan,mars,11    marcot,10 m,null,null
juglans ailanthifolia ,campbell cw4,noyer du japon,7,pép du bosc,null,null,20 m,null,null
juglans mandschuria,null,noyer de mandchourie,5,damien devos,novembre,null,20 m,null,null
juglans regia,red donau,noyer a fruit rouge,5,pép du bosc,août à oct ou janvier,null,20 m,null,null
juglans regia,bijou,noyer bijou,5,pép du bosc,août à oct ou janvier,null,20 m,null,null
juglans regia,purpurea,noyer pourpre,5,pép du bosc,août à oct ou janvier,null,5m,null,null
juglans regia,marras 12,noyer en grappe,5,zoetewei kwekerij,août à oct ou janvier,null,null,null,null
juglans regia,null,noyer,5,mmd,août à oct ou janvier,null,20 m,2,null
kalmia latifolia,null,null,4,jardin du monde,null,null,null,null,null
koelreuteria paniculata,null,savonnier,6,p paquet,mars avril,null,10 m,2,null
kolkwitzia amabilis,null,arbre de beaute,4,andrew's garden,après la floraison,null,3 m,null,null
laburnum anagyroides,null,cytise faux ebenier,5,mmd,après la floraison,2;3,6 m,2,x
lardizabala biternata,null,lardizabala,9,"botaniques du val douve, rareplants, chiltern",null,6;7,"3,5 m",null,null
larix decidua,null,meleze,4,pép de louveigne,hiver,8;9,45 m,null,null
laurus nobilis,null,laurier,8,null,après la floraison,7;8   marcot,12 m,null,null
lavatera species,null,lavatere en arbre,8,kokopelli,null,6;7,"2,4 m",null,null
leptospermum laevigatum,null,arbre a the australien,9,andrew's garden,null,10;11,9 m,null,null
lespedeza thunbergii,null,lespedeze,3,atmosvert,mars,7;8,3 m,null,null
leycesteria formosa,null,arbre aux faisans,7,"waasland, p fontin",fin d'hiver,7;8,"2,5 m",2,null
lindera benzoin,null,laurier benzoin,5,p fontin,null,7  9;10  marcot,3 m,null,null
liquidambar styraciflua,null,copalme d'amerique,5,null,mi aout-fin sept,7;8  marcot,25 m,null,null
liriodendron tulipifera,null,tulipier,4,p paquet,hiver,marcot 3-4,30 m,null,null
lonicera caerulea,null,camerisier bleu,2,proeftuin,juin ou decembre,7;8   marcot,2 m,null,null
lonicera caerulea,borealis,camerisier bleu,2,wallogreen,juin ou decembre,7;8   marcot,2 m,null,null
lonicera caerulea,honey bee,camerisier bleu,2,wallogreen,juin ou decembre,7;8   marcot,2 m,null,null
lonicera caerulea,tundra,camerisier bleu,2,wallogreen,juin ou decembre,7;8   marcot,2 m,null,null
lonicera caprifolium,null,chevrefeuille des jardins,4,spontane,hiver,null,6 m,null,null
lonicera fragrantissima,null,chevrefeuille d'hiver,6,jardin d'a côté,après floraison,null,2 m,null,null
lonicera involucrata,null,chevrefeuille involucre,4,proeftuin,après floraison,7;8  marcot,"1,2 m",null,null
lonicera villosa,blue velvet,camerisier de siberie,3,proeftuin,juin ou decembre,7;8  marcot,"1,5 m",null,null
lonicera villosa,blau honig bes,camerisier de siberie,3,proeftuin,juin ou decembre,7;8  marcot,"1,5 m",null,null
lonicera villosa,morena,camerisier de siberie,3,proeftuin,juin ou decembre,7;8  marcot,"1,5 m",null,null
lonicera villosa,cinizka,camerisier de siberie,3,proeftuin,juin ou decembre,7;8  marcot,"1,5 m",null,null
lonicera villosa,leningardzki welikan,camerisier de siberie,3,proeftuin,juin ou decembre,7;8  marcot,"1,5 m",null,null
lonicera villosa,strawberry sensation,camerisier de siberie,3,rode bos,juin ou decembre,7;8  marcot,"1,5 m",null,null
lonicera xylosteum,null,camerisier des haies,7,ecoflora,après floraison,null,2 m,null,null
lycium barbarum,amber sweet,goji,7,rode bos,printemps,7;8  marcot,"2,5 m",null,null
lycium barbarum,big lifeberry,goji,7,proeftuin,printemps,7;8  marcot,"2,5 m",null,null
maclura pomifera,null,oranger des osages,5,nizet,hiver,7;8  marcot,15 m,null,null
magnolia grandiflora,null,magnolia a grandes fleurs,6,planfor,mars -avril,marcot 3-4,10 m,null,null
magnolia ,elisabeth,null,null,jardin du monde,null,null,null,null,null
magnolia soulangeana,susan,null,7,de bock,après floraison,null,4 m,null,null
magnolia stellata,null,magnolia etoile,4,mmd,après floraison,marcot 3-4,5 m,null,null
mahonia aquifolium,null,mahonia a feuille de houx,5,pép de louveigne,après floraison,feuille 10,2 m,null,null
mahonia bealei,null,null,6,pép de louveigne,après floraison,feuille 10,2 m,null,null
mahonia x media,null,null,6,pép de louveigne,après floraison,feuille 10,2 m,null,null
malus domestica,golden,pommier,3,eric,fin d'hiver,10,9 m,null,null
malus domestica,cox,pommier,3,mmd,fin d'hiver,null,4 m,null,null
malus domestica,perpetu evereste,pommier,3,pép du bosc,fin d'hiver,null,4 m,null,null
malus domestica,court pendu,pommier,3,alain,fin d'hiver,null,null,null,null
malus domestica,docteur radoux,pommier,3,la paquerette,fin d'hiver,10,9 m,null,null
malus domestica,apistar,pommier,3,la paquerette,fin d'hiver,10,3 m,null,null
malus domestica,juliet,pommier,3,jardin du monde,fin d'hiver,10,5 m,null,null
malus domestica,rein. ananas,pommier,3,arbre et arbuste,fin d'hiver,10,6 m,null,null
malus domestica,reinette de blenheim,pommier,3,genevieve,fin d'hiver,10,9 m,null,null
malus domestica,reinette hernault,pommier,3,alain,fin d'hiver,10,9 m,null,null
malus domestica,reinette de waleffe,pommier,3,la paquerette,fin d'hiver,10,9 m,null,null
malus domestica,la paix,pommier,3,la main verte,fin d'hiver,10,9 m,null,null
malus domestica,red devil,pommier,3,zoetewei kwekerij,fin d'hiver,10,4 m,null,null
malus domestica,dries,pommier rouge,4,moerbeiboom,fin d'hiver,null,6 m,null,null
malus domestica ,boskoop,pommier,3,eric,fin d'hiver,null,5 m,2,null
malus domestica ,reinette etoilee,pommier,3,eric,fin d'hiver,null,5 m,null,null
malus domestica ,reinette de boskoop,pommier,3,michel,fin d'hiver,10,9 m,null,null
malus domestica ,gava,pommier,3,pépinière du bosc,fin d'hiver,10,4 m,null,null
malus niedzwetskyana,pink ,null,4,moerbeiboom,fin d'hiver,null,6 m,null,null
mespilus germanica,null,neflier,6,mmd,hiver,11,6 m,null,null
mespilus germanica,süssmispel,neflier doux,6,caryanursery,hiver,11,6 m,null,null
microcitrus australasica,pink ice,citron caviar pink ice,9,pép du bosc,mars avril,null,2 m,null,null
morus alba,lavendel,murier blanc,4,moerbeiboom,février mars,7;8  marcot,8 m,2,null
morus alba,milanowek,murier blanc,4,caryanursery,février mars,7;8  marcot,8 m,null,null
morus alba,aureifolia,murier blanc a feuilles dorées,4,pép du bosc,février mars,7;8  marcot,8 m,null,null
morus bombycis,null,murier des montagnes,6,caryanursery,février mars,7;8 11;3  marcot,8 m,null,null
morus bombycis,kagayame wit,murier platane,7,moerbeiboom,février mars,7;8 11;3  marcot,8 m,null,null
morus boninensis,null,murier de l'ile de bonin,5,moerbeiboom,février mars,null,null,null,null
morus nigra,null,murier noir,5,"moerbeiboom, ecoflora",février mars,7;8  marcot,10 m,2,null
morus rubra,wellington,murier rouge,5,moerbeiboom,février mars,7;8  marcot,10 m,null,null
morus rubra,illinois everbearing,murier rouge,5,moerbeiboom,février mars,7;8  marcot,15 m,3,null
musa sikkimensis,null,bananier de darjeeling,8,alsagarden,null,null,4 m,null,null
musa x sikkimensis,helen's hybrid,null,null,null,null,null,null,null,null
myrica gale,null,piment royal,1,ecoflora,automne,7;8  marcot,2 m,null,null
myrtus communis,null,myrte,8,ribanjou,début printemps,7;8  marcot,"4,5 m",2,null
olea europaea,aglandeau,olivier,8,sebtan,mars -avril,7;8,10 m,null,null
olea europaea,canyon,olivier,8,sebtan,mars -avril,7;8,10 m,null,null
passiflora caerulea,null,passiflore bleue,7,nachtwaker,printemps,6;7,10 m,null,null
passiflora mollissima,null,passiflore banane,(-)2°,trade wind,null,6;7,5 m,null,null
paulownia tomentosa,null,null,5,pépinière du bois,hiver,7;8,15 m,null,null
philadelphus coronarius,null,seringat,5,null,après floraison,12,4 m,2,null
phyllostachys aureosculata,null,bambou jaune,6,planfor,juillet août,null,6 m,null,null
phyllostachys bissetii,null,bambou de bisset,5,atmosvert,juillet août,null,5 m,null,null
phyllostachys nigra,null,bambou noir,7,jardin du monde,juillet août,null,"7,5 m",null,null
phytolacca americana,null,raisin d'amerique,4,vreeken,null,null,2 m,null,null
pinus armandii,null,pin blanc de chine,7,damien devos,null,null,15 m,null,null
pinus cembra,null,pin des alpes,4,pép de louveigne,null,null,15 m,null,null
pinus koraiensis,null,pin coreen,3,zoetewei kwekerij,null,null,20 m,null,null
pinus parviflora,null,pin blanc du japon,5,pép de louveigne,null,null,15 m,null,null
pinus pinea,null,pin pignon,8,jardin du monde,null,null,10 m,null,null
pistacia vera,null,pistachier,8,nizet,null,7,5 m,null,null
pistacia vera,kerman,pistachier ,8,pép du bosc,janvier-février,7,10 m,null,null
poncirus trifoliata,null,poncire,5,proeftuin,février-mars,6;7,3 m,null,null
populus tremula,null,peuplier tremble,2,ecoflora,février-avril,11;12,18 m,null,null
prinsepia sinensis,null,cerisier de chine,4,fontin,null,7;8,"1,8 m",2,null
prunus armeniaca,rustique des pyrenees delbard,abricotier  ,5,o' green,novembre,7;8  marcot,9 m,null,null
prunus armeniaca,de breda,abricotier de breda,5,arbre et arbuste,novembre,7;8  marcot,9 m,null,null
prunus avium,early rivers,cerisier (sauvage),3,ecoflora,début automne,7;8  marcot,18 m,null,null
prunus avium,lapin,cerisier (sauvage),3,ecoflora,début automne,7;8  marcot,18 m,null,null
prunus avium,jaune de dönissen,cerisier jaune,3,arbre et arbuste,début automne,7;8  marcot,18 m,null,null
prunus avium,bigarreau van,null,3,la paquerette,début automne,7;8  marcot,18 m,null,null
prunus avium,bigarreau ghijssen,null,3,la paquerette,début automne,7;8  marcot,18 m,null,null
prunus cerasifera,trailblazer,prunier pourpre,4,la paquerette,début automne,null,9 m,null,null
prunus cerasifera,null,prunier myrobolan,4,arbre et arbuste,après floraison,7;8  marcot,9 m,2,null
prunus cerasus,griotte de schaarbeek,null,3,la paquerette,fin d'hiver,7;8  marcot,6 m,null,null
prunus cerasus,null,cerisier acide,3,spontane,fin d'hiver,7;8  marcot,6 m,null,null
prunus dasycarpa,bolognese,prunier abricot,4,pép du bosc,null,7;8  marcot,"4,5 m",null,null
prunus dasycarpa,gigante du budrio,prunier abricot,4,pép du bosc,null,7;8  marcot,"4,5 m",null,null
prunus domestica,queen victoria,prunier,5,ecoflora,début automne,7;8  marcot,12 m,null,null
prunus domestica,monsieur hatif,prunier,5,ecoflora,début automne,7;8  marcot,12 m,null,null
prunus domestica,sainte catherine,prunier,5,ecoflora,début automne,7;8  marcot,12 m,null,null
prunus domestica ,altesse,prunier,5,null,début automne,7;8  marcot,12 m,null,null
prunus domestica italica,reine claude verte,reine claudier,5,pép de louveigne,début automne,null,8 m,null,null
prunus domestica italica,reine claude doree,reine claudier,5,ecoflora,début automne,null,8 m,null,null
prunus domestica syriaca,de nancy,mirabellier,5,pép de bock,début automne,null,10 m,null,null
prunus dulcis,ferragnes,amandier,7,pép du bosc,hiver,7;8  marcot,6 m,null,null
prunus dulcis,supernova,amandier,7,nizet,hiver,7;8  marcot,6 m,null,null
prunus padus,null,merisier a grappe,3,ecoflora,février-mars,10;11 marcot,15 m,2,null
prunus persica,teton de venus,pecher,5,pép du bosc,février-avril,7;8  marcot,6 m,null,null
prunus persica,de vigne blanche tardive,pecher,5,pép du bosc,février-avril,7;8  marcot,6 m,null,null
prunus persica ,reine des vergers,pecher,5,"ecoflora, pép de louveigne",février-avril,7;8  marcot,6 m,null,null
prunus serotina,null,prunier d'automne,3,caryanursery,après floraison,7;8  marcot,18 m,null,null
prunus spinosa,null,prunellier,4,spontane,null,7;8  marcot,3 m,null,null
prunus tomentosa,white,ragoumier,2,caryanursery,février-mars,7;8  marcot,"1,5 m",null,null
prunus tomentosa,null,ragoumier,2,proeftuin,février-mars,7;8  marcot,"1,5 m",null,null
prunus x hybrid,kometa pozdnaya,prunier siberien,3,limbach,février-mars,null,null,null,null
prunus x hybrid x armeniaca,globus,prunier-abricot hybride,null,limbach,février-mars,null,null,null,null
pseudocydonia sinensis,null,cognassier de chine,6,damien devos,novembre,marcot ,6 m,null,null
psidium cattleianum,null,goyavier fraise,10,ribanjou,null,7;8,6 m,null,null
psidium cattleianum littorale,null,goyavier jaune,10,ribanjou,null,7;8,6 m,null,null
ptelea trifoliata,null,orme de samarie,5,pépinière du bois,février-avril,7;8  marcot,6 m,null,null
punica granatum,kandahari,grenadier d'afghanistan,7,pép du bosc,null,6;7-11 marcot,5 m,null,null
punica granatum,a fruit jaune,grenadier,7,ribanjou,null,6;7-11 marcot,5 m,null,null
pyronia veitchii,null,poire-coing,6,hortensis,null,6;7-11 marcot,5 m,null,null
pyrus calleryana,null,poirier de chine,5,anemona,hiver hors gel,null,15,null,null
pyrus communis sativa,bon chretien william,poirier,4,pép de louveigne,hiver hors gel,null,5 m,null,null
pyrus communis sativa,passe crassane,poirier,4,mmd,hiver hors gel,null,5 m,null,null
pyrus communis sativa,conference,poirier,4,mmd,hiver hors gel,null,5 m,null,null
pyrus communis sativa,durondeau,poirier,4,mmd,hiver hors gel,null,5 m,null,null
pyrus communis sativa,cocomerina,poirier,4,pépinière du bosc,hiver hors gel,null,5 m,null,null
pyrus communis sativa,panache,poirier,4,pépinière du bosc,hiver hors gel,null,5 m,null,null
pyrus communis sativa,fleur d'hiver,poirier,4,pépinière du bosc,hiver hors gel,null,5 m,null,null
pyrus communis sativa,comtesse de paris,poirier,4,la paquerette,hiver hors gel,null,8 m,null,null
pyrus communis sativa,legipont,poirier,4,la paquerette,hiver hors gel,null,8 m,null,null
pyrus communis sativa,beurre hardy,poirier,4,ecoflora,hiver hors gel,null,5 m,null,null
pyrus communis sativa,kyrgyzskaya zimnaya,poirier,4,limbach,hiver hors gel,null,5 m,null,null
pyrus pyrifolia culta,hakko,poirier nashi,6,proeftuin,hiver hors gel,null,10 m,null,null
pyrus pyrifolia culta,kosui,poirier nashi,6,proeftuin,hiver hors gel,null,10 m,null,null
pyrus pyrifolia culta,rouge,poirier nashi,6,zoetewei kwekerij,hiver hors gel,null,10 m,null,null
pyrus pyrifolia culta,nijisseki,poirier nashi,6,la main verte,hiver hors gel,null,10 m,null,null
pyrus pyrifolia culta,ti-tu,poirier nashi,6,proeftuin,hiver hors gel,null,10 m,null,null
pyrus x bretschneideri ,early shu,poire ya,6,caryanursery,null,null,null,null,null
pyrus x sinkiangensis,null,poire du xinjang,null,zoetewei kwekerij,null,null,null,null,null
quercus robur,null,chene pedoncule,4,spontane,null,null,30 m,null,null
rhamnus cathartica,null,nerprun,6,ecoflora,null,7;8 - 10;11,6 m,null,null
rhamnus frangula,null,bourdaine,3,journée arbre,null,7;8-11 marcot5 m,null,null,null
rhododendron indica,rouge,rhododendron,3,fontin,null,8;9,3 m,null,null
rhododendron indica,jaune,null,null,fontin,null,null,null,null,null
rhododendron indica,mauve,null,null,jardin du monde,null,null,null,null,null
rhododendron indica,violet,null,null,jardin du monde,null,null,null,null,null
rhus integrifolia,null,sumac limonade,9,trade wind,null,7;8,2 m,null,null
rhus trilobata,null,sumac odorant,3,zoetewei kwekerij,null,7;8,"1,8 m",null,null
ribes alpinum,elsa,groseiller des alpes,2,proeftuin,février,7;8-11;2,"1,2m",null,null
ribes alpinum,schmidt,groseiller des alpes,2,proeftuin,février,7;8-11;2,"1,2m",null,null
ribes aureum,null,groseiller dore,2,jardin du monde,février,7;8-11;2,"2,4m",null,null
ribes cynosbati,null,groseiller des chiens,2,proeftuin,février,7;8-11;2,"1,5m",2,null
ribes divarticum,null,groseiller noir de la cote,4,proeftuin,février,7;8-11;2,"2,7m",2,null
ribes divarticum x hirtellum,black velvet,groseiller herisse,4,hortensis,février,7;8-11;2,1 m,null,null
ribes nigrum ,null,cassissier,5,alain,février,7;8-11;2,"1,8m",null,null
ribes nigrum ,coincidence,cassissier,5,proeftuin,février,7;8-11;2,"1,8m",null,null
ribes nigrum ,triton,cassissier,5,proeftuin,février,7;8-11;2,"1,8m",null,null
ribes nigrum ,de bourgogne,cassissier,5,ecoflora,février,7;8-11;2,"1,8m",null,null
ribes nigrum ,ojeblan,cassissier blanc,5,proeftuin,février,7;8-11;2,"1,8m",null,null
ribes odoratum,crandall,gadelier odorant,5,proeftuin,février,7;8-11;2,"2,5m",null,null
ribes odoratum,gwen,gadelier odorant,5,proeftuin,février,7;8-11;2,"2,5m",null,null
ribes odoratum,jaune ,gadelier odorant jaune,5,zoetewei kwekerij,février,7;8-11;2,"2,5m",null,null
ribes oxyacanthoides,null,groseiller des montagnes,2,zoetewei kwekerij,février,7;8 11-2,"1,5 m",null,null
ribes rubrum,blanc,groseiller blanc,4,p de louveigne,février,7;8-11;2,"1,2m",null,null
ribes rubrum,pink champagne,groseiller rose,4,proeftuin,février,7;8-11;2,"1,2m",3,null
ribes rubrum,null,groseiller rouge,4,null,février,7;8-11;2,"1,2m",null,null
ribes sanguineum ,king edward vi,groseiller sanguin,4,atmosvert,février,7;8-11;2,"2,5 m",null,null
ribes uva-crispa,captivator,groseiller a maquereau,4,proeftuin,février,7;8-11;2,"1,2m",null,null
ribes uva-crispa,invicta,groseiller a maquereau,4,proeftuin,février,7;8-11;2,"1,2m",null,null
ribes uva-crispa,nain,groseiller a maquereau,5,p de louveigne,février,7;8-11;2,"1,2m",null,null
ribes uva-crispa,hinnonmaki rouge,groseiller a maquereau,5,p de louveigne,février,7;8-11;2,"1,5m",null,null
ribes x culverwellii,null,jonova,6,rode bos,février,7;8-11;2,"1,8m",null,null
ribes x culverwellii,null,josta,6,eric,février,7;8-11;2,"1,8m",null,null
robinia pseudoacacia,null,robinier faux acacia,3,naimette,septembre,null,25m,7,null
rosa banksiae,lutea,rosier grimpant banksia,7,quissac,été,7.10,10 m,null,null
rosa canina,null,eglantier,3,spontane,mars,7.10,3m,null,null
rosa gallica,null,rosier de provins,5,ecoflora,mars,7.10,2m,null,null
rosa pimpinellifolia,null,rosier pimprenelle,4,ecoflora,mars,7.,1 m,null,null
rosa rubiginosa,null,rosier rouille,4,ecoflora,mars,7.,"2,5 m",null,null
rosa rugosa,null,rosier rugueux,2,mmd,mars,7-oct,2m,null,null
rosa veichenblau,null,rosier bleu,null,jardin du monde,été,7-oct,4m,2,null
rosa villosa,null,rosier velu,5,ribanjou,mars,7-oct,"1,8m",2,null
rosa x odorata,comte de chambord,rosier parfume,null,null,mars,7-oct,null,null,null
rosa x odorata,mac cartney,rosier parfume,null,null,mars,7-oct,null,null,null
rubus buergeri,null,null,6,pép des avettes,hiver,7;8 division,3 m,null,null
rubus caesius,null,ronce bleue,null,mes arbuste,hiver,null,"0,8 m",null,null
rubus cockburianus,null,null,6,ribanjou,hiver,7;8 division,3m,null,null
rubus deliciosus,null,null,5,ribanjou,hiver,7;8 division,3m,null,null
rubus fructicosus,null,ronce,6,spontane,hiver,7;8 division,3m,null,null
rubus idaeus,null,framboisier,3,null,hiver,7;8 division,2m,null,null
rubus idaeus,fall gold,framboisier jaune,3,null,hiver,7;8 division,2m,null,null
rubus idaeus x neglectus,glen coe,framboisier mauve,3,mes arbustes,hiver,7;8 division,2 m,null,null
rubus illicebrosus,null,framboisier fraise,5,ribanjou,hiver,7;8 division,"0,6m",null,null
rubus occidentalis,jewel,framboisier noir,3,happyberry,hiver,7;8 division,3m,null,null
rubus occidentalis,null,framboisier noir,3,proeftuin,hiver,7;8 division,3m,null,null
rubus odoratus,null,ronce odorante,3,pép paquet,hiver,7;8 division,"2,5m",null,null
rubus palmatus,null,ronce palmee,8,avettes,hiver,7;8 marcott,"1,8 m",null,null
rubus parviflorus,null,framboisier de l'alaska,3,ribanjou,hiver,7;8 division,"2,5m",3,null
rubus phoenicolasius,null,ronce du japon,5,ecoflora,hiver,7;8 division,3m,2,null
rubus setchuensis,null,null,5,hortensis,hiver,7;8 marc/division,3m,null,null
rubus species,boysenberry,ronce hybride,5,ecoflora,hiver,7;8 division,3m,null,null
rubus species,loch ness,ronce hybride,5,nancy,hiver,7;8 division,3 m,null,null
rubus species,loganberry,ronce hybride,5,ecoflora,hiver,7;8 division,3m,null,null
rubus species,tayberry,ronce hybride,5,ecoflora,hiver,7;8 division,3m,null,null
rubus spectabilis,null,ronce remarquable,5,ribanjou,hiver,7;8 division,"1,8m",null,null
rubus strigosus,null,null,3,pép des avettes,hiver,7;8 division,2 m,null,null
rubus thibetanus,null,ronce du thibet,6,ribanjou,hiver,7;8 division,"2,5m",null,null
rubus tricolor,null,null,null,nancy,hiver,null,null,null,null
rubus xanthocarpus,null,ronce jaune,null,mes arbustes,hiver,null,"0,2 m",null,null
salix alba,null,saule blanc,2,spontane,null,11;2,25m,null,null
salix caprea,null,saule marsault,5,spontane,null,11;2,10m,null,null
sambucus caerulea,null,sureau bleu,5,kpr,février,07;08 11,3m,null,null
sambucus nigra,null,sureau noir,5,spontane,février,07;08 11,6m,null,null
sambucus racemosa,null,sureau rouge,4,ecoflora,février,07;08 11,4m,null,null
sambucus tigranii,null,sureau d'armenie,8,ribanjou,février,null,5m,null,null
semiarundaria fastuosa,null,narihiradake,7,planfor,null,division 4,"7,5m",null,null
shepherdia argentea,null,shepherdie argentee,2,fontin,null,7;8,4 m,3,null
sophora japonica,null,arbre aux pagodes,5,jardin du monde,null,7;8,20m,2,null
sorbaria sorbifolia,null,fausse spiree,2,jardin du monde,null,null,2 m,null,null
sorbaronia,burka,null,5,mes arbuste,null,null,3 m,null,null
sorbaronia,titan,null,5,caryanursery,null,null,4m,null,null
sorbaronia mitschurinii,amit,null,5,quissac,null,null,3 m,null,null
sorbomespilus,desertnaya,null,5,caryanursery,null,null,"2,5m",null,null
sorbopyrus,shipova,sorbopyrus slovene,null,null,null,null,null,null,null
sorbopyrus,baciu 1,sorbopyrus roumain,null,null,null,null,null,null,null
sorbopyrus,bolwiller,poirier de bollwiller,5,moerbeiboom,null,greffe 3,12m,null,null
sorbus aria,null,alouchier,5,ecoflora,null,null,12m,null,null
sorbus aucuparia,null,sorbier des oiseleurs,2,null,null,null,15m,null,null
sorbus domestica,null,cormier,6,"planfor, moerbeiboom",null,null,15m,2,null
sorbus intermedia,null,sorbier de suede,5,pép de louveigne,null,null,12m,null,null
sorbus latifolia,null,sorbier de fontainebleau,5,pép paquet,null,null,14m,null,null
sorbus torminalis,null,alisier,6,null,null,null,20m,null,null
sorbus wilfordii,null,sorbier de wilford,5,moerbeiboom,null,null,5m,2,null
spartium junceum ,null,spartier,8, jardin botanique,null,null,3 m,null,null
stachyurus chinensis,celina,null,7,pép de fontin,null,null,2 m,null,null
staphylea colchica,null,staphylier de colchide,6,marc desset,null,7;8 marcot,4m,null,null
staphylea pinnata,null,faux pistachier,6,fontin,null,7;8 marcot,"4,5m",null,null
staphylea trifolia,null,null,5,fontin,null,7;8 marcot,4m,null,null
stauntonia hexaphylla,null,null,9,proeftuin,null,null,10m,null,null
styrax japonica,null,aliboufier,5,jardin du monde,null,7;8 marcot,8m,null,null
styrax obassia,null,styrax a grandes feuilles,7,aoba,null,7;8 marcot,10m,null,null
symphoricarpos albus laevigata,null,symphorine,3,spontane,null,7;8 11,3m,null,null
syringa vulgaris,null,lilas blanc,5,pép de louveigne,juin,7;8 marcot,6m,null,null
syringa vulgaris,null,lilas rose,5,spontane,juin,7;8 marcot,6m,null,null
tamarix ramosissima,null,tamarix,2,atmosvert,null,7;8,"4,5 m",null,null
taxus baccata,null,if,6,spontane,null,7;8  2,15m,null,null
temu divaricatum,null,temu du chili,9,mes arbuste,null,null,3 m,null,null
thuja occidentalis,null,thuya,2,mmd,null,7;8;9,15m,null,null
tilia cordata,null,tilleul a petites feuilles,3,null,hiver hors gel,marcot ,30m,null,null
tilia henryana,null,tilleul de henry,7,botanica,null,null,10m,null,null
tilia platyphyllos,null,tilleul a larges feuilles,5,ecoflora,null,marcot ,30m,null,null
ugni molinae,elite,ugni,8,hortensis,null,7;8 10 marco,2m,null,null
ugni molinae,null,ugni,8,planfor,null,7;8 10 marco,2m,4,null
ulex europaeus,null,ajonc d'europe,6,ecoflora,automne,7;8,"1,5 m",null,null
ulmus glabra ,montana,orme,5,pép de louveigne,null,null,30 m,null,null
ulmus minor ,null,orme champêtre,5,ecoflora,null,null,30 m,null,null
umbellularia californica,null,laurier de californie,7,arven,null,7;8  marcot,25 m,null,null
vaccinium corymbosum ,null,bleuet,2,ecoflora,null,8;11,2m,null,null
vaccinium corymbosum ,goldtraube,bleuet,2,pép de louveigne,null,8;11,2m,null,null
vaccinium corymbosum ,pink limonade,bleuet,2,proeftuin,null,8;11,2m,null,null
vaccinium corymbosum ,northland,bleuet,2,proeftuin,null,8;11,2m,null,null
vaccinium corymbosum ,blue jay,bleuet,2,paquerette,null,8;11,2m,null,null
vaccinium corymbosum ,blue crop,bleuet,2,proeftuin,null,8;11,2m,null,null
vaccinium corymbosum ,blue gold,bleuet,2,proeftuin,null,8;11,2m,null,null
vaccinium macrocarpon,null,canneberge,2,ecoflora,null,8 marc divis,"0,2m",null,null
vaccinium macrocarpon,pilgrim,canneberge,2,nizet,null,8 marc divis,"0,2m",null,null
vaccinium virgatum,null,airelle œil de lapin,6,proeftuin,null,8 marc divis,1 m,null,null
vaccinium vitis-idaea,null,airelle,5,"ecoflora, proeftuin",0,8 marc divis,"0,3m",null,null
viburnum bodnantense,null,viorne d'hiver,7,jardin d'a côté,null,null,3 m,null,null
viburnum lantana,null,viorne lantane,3,null,null,7;8 12 marcot,5m,null,null
viburnum opulus,null,viorne obier,3,null,null,7;8 12 marcot,5m,null,null
viburnum tinus,null,laurier tin,7,quissac,null,7;8 12 marcot,"3,5 m",null,null
viburnum trilobum,wenworth,viorne trilobee,2,hortensis,null,6; 8 ; 11 marco,3 m,null,null
vitex agnus castus,null,gatiller,7,"fontin, la jardinière aromatique",mars (court),7;8 11,3m,null,null
vitis amurensis,null,vigne d'amour,4,alsagarden,janvier à mars,12;1 marcot,15m,null,null
vitis vinifera,evita,vigne,6,proeftuin,janvier à mars,12;1 marcot,15m,null,null
vitis vinifera,magliassina,vigne,6,alain,janvier à mars,12;1 marcot,15m,null,null
vitis vinifera,calastra,vigne,6,proeftuin,janvier à mars,12;1 marcot,15m,null,null
vitis vinifera,rosetta,vigne,6,proeftuin,janvier à mars,12;1 marcot,15m,null,null
vitis vinifera,new york (lakemeont),vigne (sans pepins),6,proeftuin,janvier à mars,12;1 marcot,15m,null,null
vitis vinifera,sophie,vigne,6,proeftuin,janvier à mars,12;1 marcot,15m,null,null
vitis vinifera,vroeger van der laan,vigne,6,jardin d'a côté,janvier à mars,12;1 marcot,15m,null,null
vitis vinifera,doucin de jupilles,vigne,6,forêt nourricière,janvier à mars,12;1 marcot,15m,null,null
vitis vinifera,himrod,vigne (sans pepins),6,ecoflora,janvier à mars,12;1 marcot,15m,null,null
vitis vinifera x labrusca,isabelle,vigne,6,luc,janvier à mars,12;1 marcot,15m,null,null
vitis vinifera x labrusca,vanessa,vigne interdite,6,sebtan,janvier à mars,12;1 marcot,15m,null,null
vitis vinifera x labrusca,reliance,vigne (sans pepins),6,demoerbeiboom,janvier à mars,12;1 marcot,15m,null,null
xanthoceras sorbifolium,null,chataigner de chine,6,damien devos,null,division 12,6m,3,null
yucca carnerosana,null,null,8,andrew garden,null,null,null,null,null
yucca filamentosa,null,null,4,jardin du monde,null,division 5,"1,2m",null,null
zanthoxylum ,du conservatoire,null,7,pép du bosc,hiver,7;8 division2,null,null,null
zanthoxylum americanum,null,null,3,fontin,hiver,7;8 division2,4m,null,null
zanthoxylum armatum,null,timut,6,sebtan,hiver,7;8 division2,4m,null,null
zanthoxylum pipertum,null,poivrier du japon,6,damien devos,hiver,7;8 division2,2m,null,null
zanthoxylum simulans,null,poivrier de sechuan,6,damien devos,hiver,7;8 division2,4m,null,null
zelkova serrata,null,orme de siberie,5,jardin du monde,null,null,25m,null,null
ziziphus jujuba,lang,jujubier,6,pép baud,mars,11;12;1 divis,10m,null,null
ziziphus jujuba,li,jujubier,6,moerbeiboom,mars,11;12;1 divis,10m,null,null
ziziphus jujuba,buluoshuzao,jujubier,6,pép du bosc,mars,11;12;1 divis,10m,null,null
ziziphus jujuba,meizimao,jujubier,6,pép du bosc,mars,11;12;1 divis,10m,null,null
ziziphus mauritana,null,jujubier d'inde,null,luc,null,null,16 m,null,null
zz  billardiera cymosa,null,pomme douce,9,hortensis,null,7;8 - marcot,grimpante,null,null
zz albizia lophanta,null,null,9,vreeken,null,null,8 m,null,null
zz aralia cordata,null,udo,8,pép des avettes,null,division,"1,8 m",null,null
zz aralia nudicaulis,null,aralia a tige nue,4,aoba,null,null,"0,4 m",null,null
zz artocarpus heterophyllus,null,jacquier,11,semis,null,null,20 m,null,null
zz asiminia triloba,prima,paw paw,5,pépinière du bosc,null,null,"4,5 m",null,null
zz averrhoa carambola,null,carambole,null,semis,null,null,10 m,null,null
zz berberis gangnepanii,null,epine vinette de gagnepain,5,"p paquet, waasland",juillet,7;8,"2,4 m",null,null
zz berberis x red tears,null,null,4,ribanjou,juillet,7;8,3 m,null,null
zz buddleia davidii,argenté,arbre a papillon argente,5,jardin du monde,null,7-8 10-11,3 m,null,null
zz butia capitata,null,arbre a laque,null,pépinière du bosc,null,null,null,null,null
zz buxus sempervirens,null,buis,5,null,null,9,5 m,null,null
zz capparis spinosa,null,cäprier,8,sebtan,null,7;8,1 m,null,null
zz carissa grandiflora,null,prunier du natal,9,andrew's garden,null,null,4 m,null,null
zz cephalanthus occidentalis,null,null,null,jardin du monde,null,null,null,null,null
zz citrus glauca x sinensis,eremorange,null,7,pép du bosc,null,null,null,null,null
zz citrus jambhiri,null,citronnier jambhiri,-8,jardin du monde,automne,null,3 m,null,null
zz citrus maxima x paradisii,null,"pomelo ""enzo""",8,pép du bosc,null,null,null,null,null
zz cornus canadensis,null,cornouiller du canada,2,fontin,null,null,null,null,null
zz cornus kousa,satomi,cornouiller du japon,5,sebtan,null,null,null,null,null
zz daphne mezereum,null,bois joli,null,"pépinière de louveigne, montélimar",null,null,null,null,null
zz daphne tangutica,null,null,null,damien devos,null,null,null,null,null
zz diospyros kaki,hiratanenashi,plaqueminier,8,moerbeiboom,null,null,null,null,null
zz diospyros kaki x virginiana,nikistkaya,null,null,moerbeiboom,null,null,null,null,null
zz diospyros virginiana,szukiss,plaqueminier de virginie,null,moerbeiboom,null,7.8,"4,5 m",null,null
zz elaeagnus umbelata,brillant rose,chalef d'automne,3,zoetewei kwekerij,null,null,null,null,null
zz eleutherococcus senticosus,null,ginseng de siberie,3,bourrache,null,null,null,null,null
zz empetrum nigrum,null,camarine noire,3,ecoflora,null,7;8 10,"0,3 m",null,null
zz eucalyptus pauciflora,null,null,null,andrew's garden,null,null,null,null,null
zz eugenia uniflora,null,cerise de cayenne,9,andrew's garden,null,bouture,8 m,null,null
zz fatsia japonica,null,faux aralia,8,jardin du monde,null,null,4 m,null,null
zz gaultheria hispidula,null,petit the,6,arven,null,7;8 division,"0,1 m",null,null
zz gaultheria procumbens,null,gaultherie,4,pép de bock,null,7;8,"0,2 m",null,null
zz gaultheria shallon,null,gaultherie,null,de bock,null,null,null,null,null
zz glycyrrhiza echinata,null,réglisse de russie,8,trade wind,mars ou octobre,division,1 m,null,null
zz gossypum arboreum,null,coton arborescent,null,jardin botanique liège,null,null,null,null,null
zz halleria lucida,null,arbre fuchsia,9,hortensis,null,null,2 m,null,null
zz holboellia angustifolia,rgbe form,null,8,pép des avettes,après la floraison,8;10 marcot,null,null,null
zz holboellia coriacea,null,null,8,aoba,après la floraison,8;9,7 m,null,null
zz jasminum nudiflorum,null,jasmin d'hiver,6,jardin du monde,null,7;8   marcot,"3,6 m",null,null
zz jubaea chilensis,null,cocotier du chili,8,"andrew's garden, ",null,null,12 m,null,null
zz juglans ailanthifolia ,schubert,noyer du japon,4,pép du bosc,null,marcot 8-9,3 m,null,null
zz lycium barbarum,lhassa,goji,null,planfor,null,null,null,null,null
zz lycium barbarum,jaune ,goji jaune,7,zoetewei kwekerij,printemps,7;8  marcot,"2,5 m",null,null
zz lycium barbarum,sweet lifeberry,goji,7,proeftuin,printemps,7;8  marcot,"2,5 m",null,null
zz lycium chinense,null,goji chinois,null,null,null,null,null,null,null
zz lycium ruthenicum,null,goji noir,6,pép du bosc,null,7;8  marcot,2 m,null,null
zz magnolia hypoleuca,null,magnolia du japon,6,"p fontin, d devos",après floraison,marcot 3-4,15 m,null,null
zz magnolia sieboldii,null,null,7,botaniques du val douve,après floraison,null,8 m,null,null
zz magnolia soulangeana,null,magnolia,null,pép de louveigne,null,7;8  marcot,18 m,null,null
zz malphigia puncifolia,null,acerolier,9,trade wind haïti,null,null,2 m,null,null
zz malus domestica,signe tillich,pommier,3,alain,fin d'hiver,10,9 m,null,null
zz morus alba,pendula,murier blanc,4,p louveigne,null,7;8,9 m,null,null
zz morus macroura,pakistan,shan tut; murier de l'himalaya,8,la paquerette,null,null,null,null,null
zz musa basjo,null,bananier  ,null,mes arbustes,null,null,null,null,null
zz myrtus communis,hebe,myrte a feuille de hebe,8,ribanjou,début printemps,7;8  marcot,2 m,null,null
zz olea europaea,oliviere,olivier,8,sebtan,null,null,null,null,null
zz olea europaea,mouflal,olivier ,null,pep du bosc,null,7;8  marcot,10 m,null,null
zz opuntia indica,null,figuier de barbarie,9,sebtan,null,5;8,5 m,null,null
zz oxydendrum arboreum,null,null,5,fontin,null,null,null,null,null
zz paeonia lutea,null,pivoine jaune,7,jardin du monde,hiver hors gel,null,"1,5 m",null,null
zz passiflora incarnata,null,passiflore officinale,6,sebtan,printemps,6;7,6 m,null,null
zz passiflora ligularis,null,grenadilla,10,semis,null,null,5 m,null,null
zz phyllostachys edulis,null,bambou moso,7,andrew's garden,null,7;8  marcot,4 m,null,null
zz pieris japonica,null,andromede,5,fontin,null,null,null,null,null
zz pistacia lentiscus,null,pistachier lentisque,9,andrew's garden,mars,7,5 m,null,null
zz prosopsis chilense,null,mesquite,null,andrew's garden,null,7;8  marcot,6 m,null,null
zz prosopsis julifera,null,null,null,andrew's garden,null,null,null,null,null
zz prunus domestica syriaca,ruby,mirabellier,5,jardin du monde,null,null,null,null,null
zz prunus dulcis,lauranne,amandier,7,pép du bosc,hiver,7;8  marcot,6 m,null,null
zz prunus dulcis,texas,amandier,7,gardenia,null,7;8  marcot,6 m,null,null
zz prunus mahaleb,null,bois de sainte lucie,5,quissac,null,7;8  marcot,9 m,null,null
zz prunus persica ,fertile de septembre,pecher,5,"ecoflora, pép de louveigne",null,null,null,null,null
zz punica granatum,hermion,grenadier,7,pép du bosc,null,null,3 m,null,null
zz puya chilensis,null,puya,8,alsagarden,null,null,null,null,null
zz rhapidophyllum hystrix,null,null,7,jardin du monde,null,null,null,null,null
zz ribes sanguineum glutinosum,null,null,null,ribanjou,null,null,null,null,null
zz ribes uva-crispa,hinnonmaki blanc,groseiller a maquereau,5,p de louveigne,null,7;8-11;2,"1,5m",null,null
zz rosa banksiae,alba plena,rosier grimpant banksia,7,atmosvert,null,null,null,null,null
zz rubus arcticus,null,framboisier de l'arctique,1,ribanjou,null,division,"0,2 m",null,null
zz rubus taiwanicola,null,ronce de taiwan,7,aoba,null,7;8 division,"0,05 m",null,null
zz rubus trifidus,null,null,6,aoba,null,7;8 division,2 m,null,null
zz sapindus mukorossi,null,arbre a savon,7,ecoflora/andrew's garden,null,12,15m,null,null
zz sarcococca hookeriana,null,null,5,"andrew's garden, pép de bock",null,7;8 marcot,15m,null,null
zz sassafras albidium,null,sassafras,5,"moerbeiboom, damien de vos, planfor",null,null,"3,5m",null,null
zz schinus molle,null,poivrier rose,9,gardenia,null,8;9,8m,null,null
zz schisandra sinensis,sanova 1,wu wei zi,4,proeftuin,null,8,9m,null,null
zz sinofranchetia chinensis,null,null,6,rareplants damien devos,null,null,null,null,null
zz solanum aviculare,null,pomme des kangourous,9,andrew's garden,null,null,"1,8 m",null,null
zz sorbaronia fallax,likjornaja,null,5,caryanursery,null,null,4m,null,null
zz sorbus domestica,robust,cormier,6,de moerbeiboom,null,null,15 m,null,null
zz sorbus domestica,sossenheimer,cormier,6,caryanursery,null,null,15m,null,null
zz torreya nucifera,null,kaya,null,fontin,null,null,null,null,null
zz trachycarpus fortunei,null,palmier a chanvre,8,jardin du monde,null,null,12m,null,null
zz ugni candollei,null,null,8,"hortensis, arven",null,null,null,null,null
zz ugni molinae,flambeau,ugni,8,planfor,null,7;8 10 marco,2m,null,null
zz vaccinium corymbosum ,eliot,bleuet,2,pép de louveigne,null,8;11,2m,null,null
zz vaccinium floribundum,null,null,8,zoetewei kwekerij,null,null,"0,5 m",null,null
zz washingtonia filifera,null,palmier jupon,9,jardin du monde,null,null,12m,null,null
zz yucca baccata,null,yucca,null,rareplants,null,null,null,null,null
zz yucca brevifolia,null,arbre de joshua,7,andrew's garden,null,null,null,null,null
zz yucca glauca,null,yucca baillonnette,4,andrew's garden,null,5,"1,5 m",null,null
zzz ugni myricoides,null,ugni noir,9,hortensis,null,null,"1,8 m",null,null
